s,h:m:s,max_rss,max_vms,max_uss,max_pss,io_in,io_out,mean_load,method,seed
376.5952,00:06:16,15046.32,24652.73,13729.99,13765.4,3.05,0.02,2777.96,rf,100
402.6262,00:06:42,15146.41,24752.17,13829.54,13864.99,0.18,0.02,3115.96,rf,101
376.2881,00:06:16,15179.21,24785.05,13860.54,13895.9,0,0.02,2783.38,rf,102
376.053,00:06:16,15151.77,24757.27,13832.14,13867.67,56.89,0.02,2778.35,rf,103
399.8093,00:06:39,15152.34,24757.42,13833.29,13868.76,0,0.02,3116.07,rf,104
378.8792,00:06:18,15157.05,24762.07,13840.16,13875.68,56.89,0.02,2759.29,rf,105
382.383,00:06:22,15143.99,24749.25,13826.85,13862.36,0.18,0.02,2747.39,rf,106
374.4935,00:06:14,15076.76,24682.37,13757.12,13792.57,0.18,0.02,2798.38,rf,107
378.3066,00:06:18,15120.37,24727.05,13806.35,13841.71,0,0.02,2774.49,rf,108
402.3456,00:06:42,15138.38,24743.56,13819.87,13855.37,0,0.02,3093.14,rf,109
373.0543,00:06:13,15045.76,24651.55,13729.1,13764.66,0,0.02,2807.08,rf,110
375.2905,00:06:15,15087.82,24692.64,13767.74,13803.18,0.18,0.02,2792.06,rf,111
378.4059,00:06:18,15099.2,24705.04,13779.97,13815.46,0,0.02,2771.68,rf,112
379.0105,00:06:19,15200.49,24806.47,13882.96,13918.39,0,0.02,2761.95,rf,113
371.1711,00:06:11,15059.04,24664.55,13741.61,13777.01,0,0.02,2827.92,rf,114
381.623,00:06:21,15138.02,24742.85,13819.32,13854.97,0,0.02,2740.73,rf,115
377.5995,00:06:17,15180.76,24786.07,13863.12,13898.65,0,0.02,2782.29,rf,116
367.5262,00:06:07,15115.7,24721.04,13798.29,13833.87,0,0.01,3135.53,rf,117
368.6134,00:06:08,15079.88,24686.43,13764.21,13799.53,56.89,0.02,2838.14,rf,118
372.5542,00:06:12,15150.33,24755.46,13831.09,13866.52,56.89,0.02,2805.79,rf,119
368.0118,00:06:08,15129.12,24733.82,13811.29,13846.59,0,0.03,2851.73,rf,120
377.4775,00:06:17,15155.97,24761.09,13835.61,13871.08,0,0.02,2780.19,rf,121
375.4079,00:06:15,15110.23,24715.07,13793.83,13829.13,0,0.02,2790.6,rf,122
370.3162,00:06:10,15094.23,24700.19,13774.11,13809.64,0.18,0.02,2829.12,rf,123
370.763,00:06:10,15091.21,24696.23,13772.32,13807.8,0,0.02,2826.28,rf,124
381.6081,00:06:21,15107.5,24712.6,13790.37,13825.74,0,0.02,2744.11,rf,125
370.8017,00:06:10,15158.71,24765,13841,13876.66,56.89,0.01,2817.65,rf,126
380.2572,00:06:20,15087.89,24693.04,13766.73,13802.3,56.89,0.02,2752,rf,127
369.1736,00:06:09,15159.82,24765.35,13841.43,13876.97,0,0.01,2841.9,rf,128
374.2129,00:06:14,15102.38,24707.75,13785.01,13820.36,0.18,0.03,2806.78,rf,129
372.5062,00:06:12,15185.13,24790.32,13869.23,13904.68,0,0.01,2816.78,rf,130
369.2508,00:06:09,15129.38,24736.51,13810.44,13845.99,0,0.02,3041.78,rf,131
369.7215,00:06:09,15100.54,24706.68,13782.66,13818.04,0,0.02,3124.86,rf,132
382.8991,00:06:22,15103.98,24709.46,13786.01,13821.57,0,0.02,2739.86,rf,133
377.1414,00:06:17,15078.77,24684.69,13759.48,13795.01,0.18,0.02,2789.33,rf,134
378.725,00:06:18,15105.04,24710.14,13786.93,13822.35,0,0.03,2774.74,rf,135
378.9984,00:06:18,15112.63,24718.28,13795.76,13831.19,0,0.01,2777.87,rf,136
371.937,00:06:11,15097.78,24702.55,13779.38,13814.79,0,0.02,2822.64,rf,137
369.6619,00:06:09,15146.45,24752.12,13827.23,13862.74,0,0.01,2826.86,rf,138
381.6461,00:06:21,15128.8,24733.89,13809.88,13845.5,0,0.02,2751.34,rf,139
376.4419,00:06:16,15134.81,24740.97,13816.03,13851.54,0.18,0.02,2781.66,rf,140
368.6676,00:06:08,15160.85,24765.36,13843.77,13879.36,0,0.02,3129.99,rf,141
377.8226,00:06:17,15076.52,24682.12,13760.13,13795.48,0,0.02,2779.68,rf,142
376.3596,00:06:16,15165.13,24770.74,13845.3,13880.97,0.18,0.02,2786.73,rf,143
372.9639,00:06:12,15040.3,24644.7,13723.15,13758.71,0,0.02,2812.13,rf,144
375.8411,00:06:15,15133.95,24740.75,13814.7,13850.26,0,0.02,2793.38,rf,145
375.2965,00:06:15,15134.64,24740.33,13815.91,13851.41,0,0.03,2792.6,rf,146
373.5866,00:06:13,15027.62,24633.19,13709.73,13745.18,0,0.02,2804.51,rf,147
380.2691,00:06:20,15182.44,24788.02,13863.64,13899.08,0,0.02,2747.62,rf,148
369.1842,00:06:09,15169.73,24775.18,13852.4,13887.79,0.18,0.02,2838.56,rf,149
372.3479,00:06:12,15162.05,24767.69,13845.41,13880.88,0,0.02,2971.01,rf,150
377.4501,00:06:17,15079.47,24684.26,13759.7,13795.26,0,0.01,2782.45,rf,151
377.2429,00:06:17,15110.44,24715.63,13792.59,13828.05,0,0.01,2784.69,rf,152
403.1159,00:06:43,15130.58,24736.07,13814.44,13849.91,56.89,0.02,3099.16,rf,153
365.3125,00:06:05,15137.66,24742.24,13819.9,13855.37,56.89,0.01,2858.23,rf,154
374.0642,00:06:14,15140.01,24745.54,13823.21,13858.8,0,0.02,2815.63,rf,155
367.0754,00:06:07,15177.86,24783.12,13860.71,13896.13,0.18,0.01,2848.69,rf,156
380.2532,00:06:20,15051.65,24657.87,13733.38,13768.87,0,0.02,2757.12,rf,157
380.1748,00:06:20,15148.86,24754.71,13829.95,13865.5,0.18,0.02,2751.32,rf,158
367.5721,00:06:07,15096.95,24702.98,13782.14,13817.47,0,0.02,2850.62,rf,159
380.1707,00:06:20,15140.55,24745.56,13819.96,13855.51,0,0.02,2761.55,rf,160
377.0691,00:06:17,15094.29,24699.67,13774.84,13810.4,0,0.02,2778.15,rf,161
365.5944,00:06:05,15099.21,24704.63,13777.82,13813.4,0,0.02,2863.34,rf,162
379.8181,00:06:19,15133.68,24740.14,13816.21,13851.72,0,0.01,2759.23,rf,163
380.2212,00:06:20,15101.18,24706.03,13780.01,13815.66,0,0.02,2753.06,rf,164
374.6856,00:06:14,15160.95,24766.3,13841.97,13877.4,0,0.02,2803.26,rf,165
375.0263,00:06:15,15143.68,24749.85,13826.17,13861.77,0,0.02,2801.88,rf,166
383.2461,00:06:23,15053.91,24659.45,13732.15,13767.72,0.18,0.02,2738.23,rf,167
366.4075,00:06:06,15089.01,24694.79,13773,13808.61,0,0.02,3133.85,rf,168
373.5755,00:06:13,15143.78,24749.61,13827.15,13862.58,0,0.02,2804.13,rf,169
378.8372,00:06:18,15127.62,24733.93,13807.23,13842.78,0.18,0.02,2764.23,rf,170
375.1824,00:06:15,15060.97,24667.23,13743.77,13779.35,0.18,0.02,2795.64,rf,171
379.644,00:06:19,15116.69,24722.73,13798.53,13834.18,56.89,0.01,2746.52,rf,172
377.2595,00:06:17,15139.62,24744.43,13817.95,13853.44,0.18,0.02,2783.14,rf,173
377.3545,00:06:17,15049.29,24655.17,13733.39,13768.84,56.89,0.02,2762.14,rf,174
374.8461,00:06:14,15127.15,24732.89,13807.46,13843.08,0.18,0.02,2792.73,rf,175
377.2775,00:06:17,15159.05,24764.5,13841.75,13877.21,56.89,0.01,2767.25,rf,176
380.8607,00:06:20,15122.82,24727.66,13801.91,13837.42,56.89,0.02,2769.23,rf,177
372.9096,00:06:12,15040.77,24646,13723.02,13758.64,56.89,0.01,2813.74,rf,178
382.4732,00:06:22,15147.4,24752.67,13831.05,13866.6,0,0.02,2800.4,rf,179
372.5581,00:06:12,15139.38,24743.73,13819.92,13855.43,0,0.01,2814.02,rf,180
375.6261,00:06:15,15070.86,24676.15,13752.99,13788.47,0.18,0.02,2782.75,rf,181
378.6332,00:06:18,15196.84,24802.41,13878.11,13913.68,0,0.02,2770.51,rf,182
381.4839,00:06:21,15058.02,24663.33,13740.17,13775.67,0,0.02,2749.03,rf,183
376.0536,00:06:16,15094.36,24699.4,13777.5,13812.85,0,0.02,2788.2,rf,184
378.3334,00:06:18,15090.73,24696.98,13774.15,13809.58,0.18,0.02,2768.91,rf,185
378.7461,00:06:18,15091.46,24700.1,13777.93,13813.45,0.18,0.01,2766.08,rf,186
374.6966,00:06:14,15084.85,24689.89,13764.86,13800.35,0,0.02,2804.24,rf,187
379.6082,00:06:19,15156.33,24760.84,13836.54,13872.15,0.18,0.01,2760.94,rf,188
377.4542,00:06:17,15144.79,24750.1,13827.33,13862.72,0.18,0.01,2792.11,rf,189
375.7104,00:06:15,15126.39,24731.95,13807.52,13843.03,0.18,0.02,2793.76,rf,190
377.8388,00:06:17,15085.64,24690.41,13725.65,13761.13,0,0.03,2772.67,rf,191
377.4648,00:06:17,15142.51,24747.32,13825.78,13861.1,0.18,0.03,2782.67,rf,192
376.3805,00:06:16,15140.24,24746.7,13820.81,13856.35,0.18,0.02,2787.2,rf,193
370.5495,00:06:10,15085.09,24691.6,13768.77,13804.29,0.18,0.02,2823.58,rf,194
378.8776,00:06:18,15069.65,24674.41,13757.75,13793.18,0,0.01,2813.15,rf,195
374.8045,00:06:14,15127.73,24733.25,13806.63,13842.19,0,0.02,2796.91,rf,196
384.0592,00:06:24,15084.05,24688.87,13765.16,13800.62,0,0.02,2728.61,rf,197
373.7084,00:06:13,15101.76,24707.73,13785.83,13821.23,0,0.02,2808.74,rf,198
383.2658,00:06:23,15076.93,24682.77,13762.87,13798.27,0,0.02,2769.79,rf,199
67.1882,00:01:07,14052.34,28390.86,11853.88,11910.04,56.83,0.02,2086.92,regLogistic,100
65.4246,00:01:05,14053.11,28391.68,11740.17,11801.9,0,0.02,2237.31,regLogistic,101
66.1712,00:01:06,14006.64,28344.79,11891.05,11951.01,0,0.02,2244.4,regLogistic,102
66.4658,00:01:06,14054.23,28392.85,11919.23,11975.51,0,0.02,2218.15,regLogistic,103
62.8704,00:01:02,14052.83,28391.36,11858.09,11910.76,56.83,0.01,2301.15,regLogistic,104
64.3717,00:01:04,14053.08,28391.6,11932.39,11990.65,0,0.02,2351.46,regLogistic,105
64.6605,00:01:04,14053.55,28392.07,11920.24,11978.93,0,0.02,2208.89,regLogistic,106
69.566,00:01:09,14052.5,28391.21,11945.41,12003.58,0.12,0.02,2102.92,regLogistic,107
67.3212,00:01:07,14083.89,28422.42,11918.86,11971.85,0,0.02,2202.72,regLogistic,108
64.4258,00:01:04,14053.37,28391.89,11908.11,11961.24,0,0.02,2332.88,regLogistic,109
68.5828,00:01:08,14086.08,28424.9,11905.18,11967.33,56.83,0.02,2154.01,regLogistic,110
66.5135,00:01:06,14053.09,28391.61,11915.12,11969.75,0,0.02,2250,regLogistic,111
66.2968,00:01:06,14053.81,28392.41,11868.76,11924.06,0,0.02,2183.19,regLogistic,112
65.5734,00:01:05,14053.12,28391.64,11916.03,11968.89,0,0.02,2164.69,regLogistic,113
65.1897,00:01:05,14086.47,28425.04,11766.89,11830.28,0.12,0.01,2266.98,regLogistic,114
64.7658,00:01:04,14050.91,28389.3,11939.51,12001.29,0,0.01,2264.98,regLogistic,115
63.844,00:01:03,14050.05,28388.57,11916.86,11977.34,0.12,0.01,2341.45,regLogistic,116
66.9447,00:01:06,14011.02,28349.29,11901.76,11962.51,56.83,0.02,2164.12,regLogistic,117
65.1414,00:01:05,13956.79,28294.38,11915.97,11973.32,0.12,0.01,2282.68,regLogistic,118
66.2078,00:01:06,14053.76,28392.26,11709.32,11772.04,0,0.02,2182.15,regLogistic,119
63.7186,00:01:03,14052.36,28390.88,11929.06,11988.71,0,0.02,2301.64,regLogistic,120
67.5394,00:01:07,14050.23,28388.76,11905.98,11961.64,0.12,0.02,2192.97,regLogistic,121
66.4746,00:01:06,14086.82,28425.42,11831.3,11894.61,0,0.02,2179.06,regLogistic,122
65.2408,00:01:05,14054.01,28392.56,11883.26,11942.39,0,0.01,2221.38,regLogistic,123
67.8314,00:01:07,14053.66,28392.18,11850.94,11903.81,0,0.02,2164.48,regLogistic,124
69.6097,00:01:09,14054.53,28393.08,11796.93,11859.43,56.83,0.02,2097.84,regLogistic,125
65.6222,00:01:05,14053.88,28392.41,11904.96,11958.9,0,0.02,2233.91,regLogistic,126
63.9489,00:01:03,14051.25,28389.96,11905.27,11959.28,0.12,0.01,2369.12,regLogistic,127
66.557,00:01:06,14085.86,28424.38,11943.91,12003.04,0.12,0.01,2249.1,regLogistic,128
64.9013,00:01:04,14051.69,28390.1,11869.96,11926.08,56.83,0.02,2240.61,regLogistic,129
66.6316,00:01:06,13937.91,28275.29,11676.18,11738.58,0,0.02,2199.79,regLogistic,130
66.4235,00:01:06,14088.85,28427.38,11900.12,11956.75,0,0.01,2212.47,regLogistic,131
65.8729,00:01:05,14084.32,28422.85,11934.15,11993.44,0,0.02,2183.68,regLogistic,132
66.5813,00:01:06,14049.24,28387.76,11852.94,11915.05,0.12,0.02,2200.87,regLogistic,133
64.9074,00:01:04,13928.84,28266.41,11899.67,11959.76,0,0.02,2245.03,regLogistic,134
67.2286,00:01:07,14086.64,28425.24,11811.45,11874,56.83,0.02,2135.35,regLogistic,135
67.6314,00:01:07,13981.35,28318.66,11892.62,11950.83,56.83,0.02,2127.92,regLogistic,136
66.4562,00:01:06,14052.07,28390.61,11834.6,11892.5,0,0.02,2212.16,regLogistic,137
67.9887,00:01:07,14085.37,28424,11891.99,11950,0.12,0.01,2215.22,regLogistic,138
65.0598,00:01:05,14053.86,28392.52,11898.64,11953.34,0.12,0.01,2387.87,regLogistic,139
66.2127,00:01:06,14083.95,28422.49,11886.9,11939.66,0,0.01,2238.35,regLogistic,140
64.7855,00:01:04,13991.2,28329.23,11907.98,11960.78,0,0.01,2203.69,regLogistic,141
65.2095,00:01:05,14049.51,28388.04,11891.94,11948.69,0,0.02,2281.02,regLogistic,142
68.2154,00:01:08,14052.65,28391.18,11861.68,11921.19,0,0.01,2193.1,regLogistic,143
67.6053,00:01:07,14085.48,28424.23,11844.61,11904.48,0.12,0.02,2176.06,regLogistic,144
65.8041,00:01:05,14042.73,28381.25,11887.81,11944.97,0,0.02,2253.69,regLogistic,145
65.5844,00:01:05,14024.12,28362.74,11895.89,11953.72,0,0.02,2217.57,regLogistic,146
64.8513,00:01:04,14053.8,28392.32,11903.05,11959.1,0,0.02,2278.02,regLogistic,147
66.8297,00:01:06,14050.92,28389.31,11853.19,11908.8,0,0.02,2217.62,regLogistic,148
64.3667,00:01:04,14084.33,28423,11839.79,11902.19,0,0.02,2285.29,regLogistic,149
66.9551,00:01:06,13963.45,28301.44,11850.78,11904.74,0.12,0.02,2169.85,regLogistic,150
64.1526,00:01:04,14049.95,28388.62,11848.14,11909.84,0,0.02,2249.27,regLogistic,151
68.8952,00:01:08,14085.29,28423.95,11899.75,11953.67,56.83,0.02,2059.66,regLogistic,152
67.7472,00:01:07,14047.84,28386.11,11924.64,11977.72,0,0.02,2136.04,regLogistic,153
66.2874,00:01:06,14065.83,28404.09,11917.32,11974.41,0,0.01,2201.21,regLogistic,154
64.164,00:01:04,14055.08,28393.61,11921.25,11977.34,0,0.02,2368.44,regLogistic,155
64.3998,00:01:04,14025.46,28363.94,11909.98,11967.75,0,0.02,2324.06,regLogistic,156
65.8996,00:01:05,14077.14,28415.66,11936.67,11989.92,0,0.01,2226.56,regLogistic,157
66.0422,00:01:06,14087.04,28425.71,11758.95,11821.87,0,0.02,2170.88,regLogistic,158
64.4706,00:01:04,14050.05,28388.57,11823.16,11882.51,0,0.02,2286.47,regLogistic,159
68.2541,00:01:08,14084.48,28423,11866.8,11926.18,0,0.02,2124.75,regLogistic,160
65.3604,00:01:05,14048.07,28386.47,11898.72,11955.49,0,0.01,2201.86,regLogistic,161
66.374,00:01:06,14036.15,28374.54,11946,12000.99,56.83,0.02,2138.14,regLogistic,162
67.2544,00:01:07,14086.14,28424.67,11866.54,11928.64,0,0.02,2229.72,regLogistic,163
67.8641,00:01:07,14053.52,28392.04,11907.99,11964.68,0,0.01,2153.8,regLogistic,164
64.2657,00:01:04,14001.69,28339.69,11853.22,11915.21,0,0.02,2326.01,regLogistic,165
66.3838,00:01:06,14003.57,28341.62,11866.54,11925.1,56.83,0.01,2129.68,regLogistic,166
64.8135,00:01:04,14029.73,28372.57,11927.14,11986.14,0,0.02,2265.74,regLogistic,167
66.5992,00:01:06,14052.89,28391.41,11819.92,11881.54,0,0.02,2197.09,regLogistic,168
64.6086,00:01:04,14084.14,28422.71,11964.06,12022.42,0.12,0.02,2270.61,regLogistic,169
66.1723,00:01:06,14085.91,28424.44,11889.08,11949.83,0,0.02,2141.77,regLogistic,170
68.2033,00:01:08,14053.36,28391.88,11922.71,11981.72,56.83,0.02,2088.29,regLogistic,171
65.6765,00:01:05,14086.99,28425.57,11821.91,11884.43,56.83,0.02,2218.96,regLogistic,172
66.9761,00:01:06,14084.86,28423.38,11913.99,11973.24,0,0.02,2203.65,regLogistic,173
66.887200000000007,00:01:06,14087.25,28425.91,11828.77,11889.85,0,0.02,2215.77,regLogistic,174
66.7616,00:01:06,14085.89,28424.46,11813.73,11876.5,0.12,0.02,2162.23,regLogistic,175
67.368,00:01:07,14010.07,28348.35,11842.52,11903.9,0,0.02,2165.43,regLogistic,176
66.1198,00:01:06,14086.15,28424.67,11913.04,11971.19,0,0.02,2211,regLogistic,177
65.7077,00:01:05,14082.93,28421.33,11798.27,11860.14,0,0.02,2244.57,regLogistic,178
63.4841,00:01:03,13981.16,28318.95,11864.86,11926.2,56.83,0.02,2302.18,regLogistic,179
65.3111,00:01:05,14040.18,28378.45,11918.88,11980.5,0,0.02,2232.18,regLogistic,180
68.2361,00:01:08,14085.56,28424.09,11913.62,11972.95,0,0.02,2141.74,regLogistic,181
63.9087,00:01:03,13942.82,28280.15,11870.28,11930.4,0,0.02,2269.64,regLogistic,182
63.3174,00:01:03,14052.77,28391.35,11888.43,11941.29,0.12,0.01,2346.6,regLogistic,183
65.2303,00:01:05,14086.66,28425.42,11875.97,11936.9,0,0.02,2290.73,regLogistic,184
65.4101,00:01:05,14085.57,28424.09,11903.52,11958.15,0,0.02,2266.43,regLogistic,185
64.4164,00:01:04,14083.65,28422.05,11892.2,11946.51,0,0.02,2323.51,regLogistic,186
66.6062,00:01:06,14085.04,28423.57,11923.83,11982.49,0,0.02,2167.57,regLogistic,187
65.2425,00:01:05,14052.63,28391.17,11910.08,11968.43,0,0.02,2309.93,regLogistic,188
64.2601,00:01:04,14085.8,28424.32,11852.66,11914.77,0,0.02,2308.84,regLogistic,189
65.4659,00:01:05,13928.53,28265.76,11907.66,11966.15,56.83,0.02,2162.41,regLogistic,190
67.98,00:01:07,14009.09,28347.23,11827.09,11888.6,56.83,0.01,2097.12,regLogistic,191
66.5009,00:01:06,14054.18,28392.7,11858.44,11919.01,56.83,0.02,2075.68,regLogistic,192
66.2003,00:01:06,14086.42,28425.04,11901.91,11961.17,56.83,0.02,2143.38,regLogistic,193
66.3947,00:01:06,14089.8,28428.33,11867.53,11929.03,56.83,0.01,2109.35,regLogistic,194
66.3993,00:01:06,14022.55,28361.22,11903.24,11962.83,56.83,0.02,2124.55,regLogistic,195
67.6103,00:01:07,14052.8,28391.41,11855.18,11915.24,56.86,0.02,2078.66,regLogistic,196
64.735,00:01:04,14023.59,28362.02,11875.73,11934.62,0,0.02,2304,regLogistic,197
64.4923,00:01:04,13918.27,28255.54,11907.02,11962.36,0,0.02,2281.48,regLogistic,198
65.0701,00:01:05,14086.95,28425.48,11905.3,11962.66,0,0.01,2314.62,regLogistic,199
300.5343,00:05:00,23810.25,38111.66,19539.15,19656.83,62.07,0.44,2585.14,svmRadial,100
303.1991,00:05:03,23992.23,38287.3,19636.77,19754.95,5.34,0.45,2568.62,svmRadial,101
308.0357,00:05:08,24276.8,38570.96,19871.89,19992.64,62.05,0.47,2656.47,svmRadial,102
302.3121,00:05:02,24053.86,38349.96,19706.82,19825.51,0,0.44,2604.69,svmRadial,103
324.8558,00:05:24,24255.7,38550.43,19825.61,19944.98,0,0.43,2778.72,svmRadial,104
299.2997,00:04:59,23961.21,38266.6,19624.68,19743.52,62.05,14.75,2346.24,svmRadial,105
310.4347,00:05:10,24051.11,38345.06,19706.98,19825.87,0,0.45,2517.62,svmRadial,106
310.6238,00:05:10,23781.78,38083.73,19458,19579.54,0,0.44,2599.02,svmRadial,107
315.531,00:05:15,24262.59,38556.9,19904.5,20023.61,0,0.43,2327.24,svmRadial,108
297.2005,00:04:57,23816.3,38117.18,19530.89,19648.81,5.34,35.95,2448.78,svmRadial,109
306.4776,00:05:06,23936.64,38231.12,19569.49,19688.19,0,0.46,2413.11,svmRadial,110
304.6316,00:05:04,23925.89,38220.73,19581.44,19699.9,0,0.45,2567.96,svmRadial,111
301.1292,00:05:01,24147.2,38441.75,19785.73,19905.82,0,0.46,2563.99,svmRadial,112
303.68,00:05:03,24048.4,38343.63,19717.16,19836.05,0,0.46,2312.06,svmRadial,113
303.7758,00:05:03,24064.64,38360.31,19717.38,19835.81,62.05,0.45,2424.92,svmRadial,114
310.1222,00:05:10,23834.94,38135.04,19551.1,19670.98,62.05,0.43,2623.97,svmRadial,115
306.0257,00:05:06,24074.52,38370.76,19701.16,19820.96,0,0.45,2353.21,svmRadial,116
305.7434,00:05:05,24082.03,38378.26,19777.4,19895.53,0,0.47,2306.9,svmRadial,117
303.942,00:05:03,23778.56,38073.83,19408.99,19528.1,0,0.45,2645.78,svmRadial,118
292.1496,00:04:52,23778.04,38078.33,19506.55,19624.12,5.34,0.43,2435.18,svmRadial,119
299.8923,00:04:59,24119.81,38415.2,19779.65,19897.73,5.34,7.81,2344.33,svmRadial,120
296.1831,00:04:56,23898.71,38194.68,19561.08,19678.41,0,35.95,2407.38,svmRadial,121
303.681,00:05:03,24165.4,38463.91,19775.5,19894.35,0,0.43,2483.27,svmRadial,122
307.3581,00:05:07,24094.11,38389.34,19755.62,19874,0,0.43,2592.2,svmRadial,123
299.4044,00:04:59,24030.67,38326.84,19673.92,19793.87,0,16.37,2355.7,svmRadial,124
304.4552,00:05:04,24066.36,38363.05,19721.04,19840.38,5.34,0.47,2364.34,svmRadial,125
300.824,00:05:00,24000.21,38295.8,19660.41,19779.59,5.34,0.47,2485.27,svmRadial,126
301.9366,00:05:01,24198.8,38494.16,19830.36,19948.54,5.34,0.47,2348.03,svmRadial,127
294.0742,00:04:54,24124.85,38421.16,19808.1,19926.46,5.34,0.45,2390.03,svmRadial,128
306.4512,00:05:06,23754.94,38050.52,19422.56,19539.71,0,0.44,2559.71,svmRadial,129
304.8069,00:05:04,23833.26,38138.16,19511.73,19629.66,0,0.45,2574.01,svmRadial,130
302.8635,00:05:02,24183.68,38477.95,19833.88,19953.29,0,0.45,2569.16,svmRadial,131
298.5088,00:04:58,24108.18,38404.77,19743.14,19863.56,0,17.77,2505.04,svmRadial,132
296.3751,00:04:56,24086.1,38382.32,19746.88,19866.39,0,35.63,2377.98,svmRadial,133
298.4525,00:04:58,24147.29,38442.69,19793.43,19913.33,0.32,18.43,2524.39,svmRadial,134
310.6689,00:05:10,24250.23,38545.52,19878.39,19998.28,62.05,0.44,2505.87,svmRadial,135
305.3898,00:05:05,23910.67,38207.09,19561,19680.42,62.05,0.43,2599.72,svmRadial,136
323.5753,00:05:23,24284.43,38580.14,19762.58,19907.1,62.05,0.46,2804.52,svmRadial,137
300.4028,00:05:00,23877.26,38180.14,19578.64,19696.58,62.05,0.45,2544.27,svmRadial,138
301.4971,00:05:01,24241.94,38536.02,19833.38,19952.85,62.05,0.45,2322.6,svmRadial,139
297.7985,00:04:57,23980.36,38280.12,19703.43,19820.49,62.05,18.5,2389.61,svmRadial,140
300.195,00:05:00,23921.76,38222.39,19612.19,19730.47,5.34,0.61,2589.61,svmRadial,141
312.7415,00:05:12,24135.56,38431.11,19757.41,19878.52,5.34,0.43,2615.87,svmRadial,142
295.6992,00:04:55,23914.07,38215.66,19586.85,19706.21,5.34,0.43,2607.85,svmRadial,143
307.2209,00:05:07,24076.18,38371.48,19744.34,19863.19,5.34,0.43,2593.23,svmRadial,144
300.5524,00:05:00,24129.98,38424.12,19754.65,19874.2,5.34,0.44,2473.55,svmRadial,145
304.1919,00:05:04,24155.79,38450.61,19777.8,19896.8,5.34,0.45,2550.24,svmRadial,146
296.0246,00:04:56,23903.42,38204.84,19592.27,19710.38,0,0.43,2375.27,svmRadial,147
311.9144,00:05:11,24268.48,38563.67,19872.34,19992.62,0,0.44,2688.83,svmRadial,148
302.9327,00:05:02,24158.73,38454.06,19830.71,19948.52,0,0.43,2373.73,svmRadial,149
306.402,00:05:06,23985.75,38282.16,19636.8,19756.47,0,0.44,2595.52,svmRadial,150
304.841,00:05:04,23922.56,38224.93,19660.41,19777.58,0,0.45,2348.6,svmRadial,151
306.0059,00:05:06,23915.46,38210.34,19581.3,19699.85,5.34,0.47,2586.47,svmRadial,152
309.1074,00:05:09,24056.28,38356.86,19781.01,19899.08,5.34,0.43,2545.04,svmRadial,153
308.7659,00:05:08,24376.09,38673.04,17362.93,17615.6,0,0.45,2497.95,svmRadial,154
307.6771,00:05:07,24021.22,38329.04,19699.11,19817.25,0,0.46,2491.73,svmRadial,155
305.7406,00:05:05,23880.54,38182.35,19535.7,19654.44,0,0.44,2485.26,svmRadial,156
300.9376,00:05:00,24057.56,38352.23,19719.82,19837.64,62.24,0.43,2682.2,svmRadial,157
302.0634,00:05:02,23854.5,38156.21,19537.44,19656.42,0,0.46,2616.46,svmRadial,158
303.4293,00:05:03,23962,38256.92,19637.52,19755.16,5.34,0.43,2336.29,svmRadial,159
303.5235,00:05:03,24151.85,38448.05,19779.14,19899.2,0,0.47,2528.74,svmRadial,160
303.8224,00:05:03,23953.16,38248.43,19605.36,19723.26,5.34,0.45,2552.41,svmRadial,161
312.4101,00:05:12,24282.01,38576.03,19927.43,20046.96,5.34,0.45,2470.87,svmRadial,162
306.7752,00:05:06,23976.73,38274.11,19608.95,19727.86,5.34,0.46,2641.26,svmRadial,163
307.0818,00:05:07,23840.01,38135.4,19474.48,19595.58,0,0.46,2557.89,svmRadial,164
298.7455,00:04:58,24095.61,38389.89,19762.44,19881.87,0,17.84,2358.15,svmRadial,165
296.0014,00:04:56,24002.43,38299.49,19666.25,19784.57,0,37.18,2382.88,svmRadial,166
300.7935,00:05:00,24130.36,38426.58,19770.48,19889.48,0,3.54,2468.13,svmRadial,167
304.3741,00:05:04,23976.79,38271.36,19617.17,19736.58,0,0.44,2498.8,svmRadial,168
301.1781,00:05:01,24137.54,38432.58,19762.38,19881.26,0,0.44,2621.64,svmRadial,169
299.2335,00:04:59,24126.15,38421.25,19756.97,19877.31,62.05,17.76,2433.29,svmRadial,170
302.4636,00:05:02,24076.1,38371.08,19724.89,19844.2,5.34,0.45,2435.07,svmRadial,171
295.5956,00:04:55,24008.36,38303.27,19653.55,19772.59,62.05,37.16,2376.49,svmRadial,172
307.1027,00:05:07,24289.31,38583.47,19954.63,20073.6,0.39,0.44,2594.35,svmRadial,173
306.9731,00:05:06,24157.45,38452.53,19765.83,19886.19,0,0.44,2604.87,svmRadial,174
301.2904,00:05:01,23987.73,38283.25,19682.9,19800.17,62.05,0.46,2626.39,svmRadial,175
302.505,00:05:02,24075.75,38370.89,19675.56,19796.96,62.05,0.48,2345.62,svmRadial,176
302.8524,00:05:02,24220.61,38515.59,19850.63,19970.8,0,0.45,2561.82,svmRadial,177
301.5048,00:05:01,24027.15,38321.88,19681.47,19799.67,5.34,0.45,2437.87,svmRadial,178
299.1868,00:04:59,24194.68,38490.41,19857.88,19976.9,5.34,17.74,2344.05,svmRadial,179
305.5912,00:05:05,24092.84,38389.3,19725.01,19843.9,0,0.43,2596.77,svmRadial,180
311,00:05:10,24284.04,38578.24,19904.16,20025.29,0,0.44,2698.41,svmRadial,181
303.3166,00:05:03,24039.72,38334.89,19690.82,19810.04,0,0.45,2587.81,svmRadial,182
322.9185,00:05:22,24035.43,38330.83,19667.09,19787.17,0,0.45,2501.91,svmRadial,183
308.4441,00:05:08,23923.14,38217.78,19547.14,19668.17,0,0.46,2278.5,svmRadial,184
303.2659,00:05:03,23836.54,38132.43,19489.93,19609.37,0,0.44,2619.95,svmRadial,185
301.175,00:05:01,23857.91,38158.84,19549.6,19667.68,62.13,0.44,2624.18,svmRadial,186
305.5644,00:05:05,24004.61,38300.82,19674.08,19791.32,0,0.43,2610.23,svmRadial,187
306.1046,00:05:06,23960.13,38254.16,19615.78,19734.09,0,0.45,2658.32,svmRadial,188
298.8163,00:04:58,24063.92,38360.74,19716.77,19835.7,0,16.34,2576.97,svmRadial,189
309.2022,00:05:09,24070.24,38365.32,19710.33,19829.43,62.05,0.45,2532.35,svmRadial,190
317.41,00:05:17,24209.04,38504.93,19457.54,19576.54,0,0.45,2859.17,svmRadial,191
310.3566,00:05:10,24098.72,38394.14,19756.85,19875.21,0,0.44,2512.94,svmRadial,192
302.2278,00:05:02,24081.31,38376.32,19697.15,19817.46,0,0.45,2344.12,svmRadial,193
307.9574,00:05:07,24062.67,38358.94,19708.62,19828.57,5.34,0.47,2362.56,svmRadial,194
307.0984,00:05:07,24020.63,38314.82,19627.64,19747.19,0,0.44,2553.51,svmRadial,195
299.146,00:04:59,24005.26,38302.1,19702.3,19820.21,5.34,17.77,2584.56,svmRadial,196
296.6759,00:04:56,24079.88,38376.03,19743.66,19862.67,5.34,35.71,2371.04,svmRadial,197
300.7345,00:05:00,23697.1,37998.27,19422.46,19540.34,0,2.71,2345.95,svmRadial,198
297.5191,00:04:57,24108.57,38404.53,19789.07,19907.28,5.34,22.09,2429.86,svmRadial,199
955.36,00:15:55,43690.53,58113.19,18621.84,19331.14,60.22,2.92,3195.19,xgbTree,100
959.5703,00:15:59,43674.63,58097.14,18308.55,19015.73,0,0.02,3104.38,xgbTree,101
959.8187,00:15:59,43697.32,58119.98,18845.82,19528.37,0,0.02,3102.04,xgbTree,102
958.2302,00:15:58,43715.1,58137.61,17767.92,18473.04,0,0.02,3070.42,xgbTree,103
953.1796,00:15:53,43688.36,58111.02,20113.51,20822.77,0,17.29,3133.5,xgbTree,104
938.6351,00:15:38,43663.51,58086.16,22975.28,23541.97,0,64.6,3175.3,xgbTree,105
924.4505,00:15:24,43679.4,58102.06,18775.05,19454.7,0,0.25,3086.15,xgbTree,106
948.7579,00:15:48,43810.6,58233.25,20669.95,21365.5,0,31.7,3034.8,xgbTree,107
959.0647,00:15:59,43673.18,58095.84,18309.01,19019.4,0,0.04,3112.18,xgbTree,108
964.3218,00:16:04,43674.77,58097.43,18646.08,19332.61,0,0.03,3081.74,xgbTree,109
954.0547,00:15:54,43655.55,58078.21,21414.56,22091.31,0,8.4,3147.08,xgbTree,110
950.3774,00:15:50,43908.48,58331.14,21301.29,21978.18,0,23.17,3179.83,xgbTree,111
921.638,00:15:21,43692.12,58114.77,20719.64,21414.56,0,12.85,3172.17,xgbTree,112
917.8853,00:15:17,43674.92,58097.58,21066.04,21777.16,3.51,31.41,3215.95,xgbTree,113
965.0765,00:16:05,43689.66,58112.32,18723.73,19410.08,0,64.99,3117.09,xgbTree,114
946.7554,00:15:46,43680.7,58103.36,22993.69,23559.64,0,34.86,3155.82,xgbTree,115
1014.619,00:16:54,43737.92,58160.57,18216.46,18955.38,60.22,8.34,3117.38,xgbTree,116
959.9464,00:15:59,43680.84,58103.5,17593.42,18312.2,0,0.01,3095.82,xgbTree,117
951.0737,00:15:51,43699.06,58121.71,21365.59,22071.24,60.22,23.21,3143.13,xgbTree,118
949.1214,00:15:49,43720.3,58142.96,21827.6,22424.41,60.22,30.16,3138.18,xgbTree,119
957.8817,00:15:57,43689.95,58112.61,19095.39,19772.8,3.51,0.02,3104.1,xgbTree,120
956.0045,00:15:56,43677.95,58100.61,18996.98,19705.52,3.51,4.47,3207.11,xgbTree,121
953.9002,00:15:53,44106.2,58559.73,18893.42,19625.71,0,8.04,3130.9,xgbTree,122
1011.3792,00:16:51,43696.6,58119.26,22770.29,23450.58,0,22.45,3165.66,xgbTree,123
969.4597,00:16:09,45060.83,59481.14,23538.1,24189.41,0,61.91,3024.61,xgbTree,124
965.5258,00:16:05,43690.24,58112.9,20696.17,21256.12,3.51,65.03,3081.36,xgbTree,125
954.5493,00:15:54,43696.16,58118.82,20372.05,21048.31,3.51,5.68,3148.54,xgbTree,126
967.8838,00:16:07,43560.17,57977.91,20947.84,21612.63,3.51,64.6,3105.52,xgbTree,127
948.4398,00:15:48,43681.13,58103.79,23061.57,23627.52,3.51,31.67,3153.43,xgbTree,128
961.3467,00:16:01,43675.5,58098.16,17507.38,18226.66,60.22,0.03,2990.07,xgbTree,129
945.0949,00:15:45,43704.55,58127.35,23101.37,23693.88,3.51,43.01,3161.75,xgbTree,130
950.5836,00:15:50,43680.41,58103.07,22684.93,23365.23,3.51,19.66,3135.91,xgbTree,131
959.7749,00:15:59,43678.39,58101.04,18744.44,19423.73,3.51,0.02,3122.7,xgbTree,132
957.5449,00:15:57,43838.84,58261.5,16411.32,17171.57,3.53,0.02,3070.13,xgbTree,133
958.2741,00:15:58,43690.24,58112.9,19004.93,19698.37,3.51,0.02,3085.79,xgbTree,134
958.6342,00:15:58,43674.34,58097,17600.96,18315.13,0,0.04,3088.66,xgbTree,135
965.9061,00:16:05,43666.25,58088.91,20143.41,20744.53,3.51,0.02,3164.15,xgbTree,136
946.9245,00:15:46,43815.1,58266.12,20803.66,21433.58,0,32.07,3145.77,xgbTree,137
957.7207,00:15:57,43675.79,58098.45,19316.36,19992.56,60.22,0.35,3074.22,xgbTree,138
972.9193,00:16:12,43698.05,58120.7,23121.91,23687.7,0,42.4,3163.72,xgbTree,139
1021.6866,00:17:01,44004.62,58427,18837.25,19524.08,60.22,0.04,3074.49,xgbTree,140
961.399,00:16:01,43698.91,58121.71,18496.84,19194.87,0,0.02,3091.08,xgbTree,141
946.699,00:15:46,43698.04,58120.7,21980.25,22576.94,0,33.5,3153.03,xgbTree,142
959.903,00:15:59,43826.06,58248.71,16622.86,17367.6,0,0.03,3112.24,xgbTree,143
954.9217,00:15:54,43705.7,58128.36,21561.78,22237.53,0,7.56,3153.94,xgbTree,144
1010.7088,00:16:50,46271.95,60700.51,22066.8,22710.15,0,22.85,3081.81,xgbTree,145
920.0796,00:15:20,45602.34,60024.71,21077.21,21737.87,0,26.12,3152.4,xgbTree,146
956.433,00:15:56,43673.77,58096.42,19329.43,20006.98,60.22,1.03,3084.99,xgbTree,147
955.766,00:15:55,43698.33,58120.99,18157.2,18865.69,0,0.5,3031.2,xgbTree,148
946.6544,00:15:46,43690.68,58113.33,23087.84,23654.53,0,33.54,3155.37,xgbTree,149
941.6008,00:15:41,43681.42,58104.08,22981.58,23545.79,60.22,52,3170.75,xgbTree,150
914.6549,00:15:14,43690.09,58112.75,21884.64,22479.04,3.51,36.92,3147.79,xgbTree,151
946.44,00:15:46,43874.61,58312.44,20833.87,21463.32,0,33.26,3170.16,xgbTree,152
958.0719,00:15:58,43696.75,58119.4,19163.57,19839.82,0,0.02,3100.32,xgbTree,153
934.8343,00:15:34,43688.36,58111.02,17529.33,18247.83,60.22,0.03,3127.82,xgbTree,154
937.1975,00:15:37,43690.54,58113.18,23227.73,23785.98,0,64.76,3178.36,xgbTree,155
922.3808,00:15:22,43677.67,58100.32,21410.34,22082.61,0,13.63,3187.66,xgbTree,156
959.4818,00:15:59,43691.11,58113.77,18160.52,18870.47,3.51,0.05,3143.79,xgbTree,157
960.9144,00:16:00,43689.09,58111.74,18671.09,19368.33,3.51,0.02,3109.68,xgbTree,158
937.4157,00:15:37,43674.91,58097.57,18496.27,19187.71,0,64.57,3061.64,xgbTree,159
950.6508,00:15:50,43698.91,58121.57,20983.06,21674.33,0,20.49,3137.89,xgbTree,160
953.2393,00:15:53,43667.55,58090.21,19896.61,20606.94,3.51,12.09,3215.15,xgbTree,161
926.7435,00:15:26,43802.94,58225.59,16562.04,17306.25,3.51,0.02,3083.05,xgbTree,162
958.5273,00:15:58,43617.54,58040.2,19112.88,19789.44,0,0.02,3064.64,xgbTree,163
951.4365,00:15:51,43699.92,58122.72,20972.71,21678.68,0,18.81,3152.75,xgbTree,164
921.1841,00:15:21,43681.42,58104.08,20133.87,20839.27,0,21.76,3189.35,xgbTree,165
952.7614,00:15:52,43675.35,58098.01,21390.13,22066.62,3.51,15.45,3134.72,xgbTree,166
955.3916,00:15:55,43689.38,58112.03,21066.52,21741.29,60.22,3.32,3176.33,xgbTree,167
942.1493,00:15:42,43704.84,58127.49,23123.16,23686.25,60.22,42.6,3159.32,xgbTree,168
943.0839,00:15:43,43689.66,58112.32,23118.02,23684.01,0,43.08,3163.33,xgbTree,169
956.6219,00:15:56,43683.01,58105.67,17923.92,18636.11,0,0.02,3118.62,xgbTree,170
950.1977,00:15:50,43672.89,58095.55,22513.43,23192.82,0,26.64,3167.24,xgbTree,171
978.6711,00:16:18,43704.7,58127.35,23224.99,23789.78,0.32,31.73,3154.48,xgbTree,172
951.3967,00:15:51,43680.55,58103.21,22186.73,22868.5,0,23.64,3168.5,xgbTree,173
954.287,00:15:54,43696.89,58119.55,19432.11,20111.62,3.51,6.96,3131.94,xgbTree,174
951.9508,00:15:51,43681.86,58104.52,22059.35,22702.27,0,20.14,3025.34,xgbTree,175
954.4652,00:15:54,43682,58104.66,22204.37,22866.44,0,9.35,3196,xgbTree,176
955.5057,00:15:55,43667.25,58089.91,21634.84,22311.91,60.22,3.21,3162.94,xgbTree,177
937.3526,00:15:37,43690.67,58113.34,18403.19,19095.63,60.22,64.54,3062.74,xgbTree,178
967.8425,00:16:07,43710.91,58133.57,21466.11,22022.14,3.51,64.43,3126.91,xgbTree,179
946.2599,00:15:46,43713.22,58135.88,23273.39,23834.61,3.51,32.95,3112.33,xgbTree,180
943.5922,00:15:43,43689.09,58111.74,21937.67,22529.58,60.22,41.14,3050.55,xgbTree,181
959.6437,00:15:59,43720.88,58143.54,18716.11,19401.84,3.51,0.03,3004.87,xgbTree,182
973.311,00:16:13,43664.22,58086.88,22996.21,23559.83,0,44.57,3152.9,xgbTree,183
942.8278,00:15:42,43690.1,58112.75,23080.76,23646.07,0,44.47,3155.75,xgbTree,184
952.784,00:15:52,43933.48,58356.14,21941.07,22628.34,3.51,11.92,3143.18,xgbTree,185
1026.0035,00:17:06,44196.87,58614.61,22188.04,22842.85,3.51,0.03,3014.2,xgbTree,186
942.6503,00:15:42,43706.42,58129.08,23212.43,23773.08,3.51,49.49,3158.95,xgbTree,187
933.0859,00:15:33,43680.27,58102.93,17563.07,18279.63,60.24,0.02,3067.48,xgbTree,188
959.7813,00:15:59,43674.34,58097,19604.24,20276.78,0,0.02,3113.71,xgbTree,189
960.7435,00:16:00,43673.76,58096.42,19128.06,19802.37,0,0.05,2898.73,xgbTree,190
959.3227,00:15:59,43732.42,58155.08,16401.98,17146.62,3.51,0.03,3077.76,xgbTree,191
922.9254,00:15:22,43719.15,58141.8,20421.41,21128.36,60.22,14.02,3190.01,xgbTree,192
958.4474,00:15:58,43679.83,58102.49,17732.05,18445.62,0,0.02,3074.87,xgbTree,193
950.9117,00:15:50,43859.86,58282.52,19775.29,20518.08,0,25.51,3114.5,xgbTree,194
932.0494,00:15:32,43681.86,58104.52,17573.98,18292.12,0,0.02,3134.09,xgbTree,195
1009.1642,00:16:49,43715.68,58138.33,21359.45,22082.91,60.22,31.63,3115.06,xgbTree,196
960.6104,00:16:00,43690.67,58113.33,17589.3,18303.53,3.51,0.02,3042,xgbTree,197
954.6427,00:15:54,43683.74,58106.39,20204.59,20911.88,0,9.04,3124.36,xgbTree,198
953.8777,00:15:53,43674.34,58097,22102.94,22774.42,3.51,9.56,3123.62,xgbTree,199
